name,category,camera,location,photographer
CRW_4786_JFR.jpg,outdoor-day,canon 10D,new york,martin
CRW_4787_JFR.jpg,outdoor-day,canon 10D,new york,martin
CRW_4788_JFR.jpg,outdoor-day,canon 10D,new york,martin
CRW_4789_JFR.jpg,outdoor-day,canon 10D,new york,martin
CRW_4790_JFR.jpg,outdoor-day,canon 10D,new york,martin
CRW_4791_JFR.jpg,outdoor-day,canon 10D,new york,martin
CRW_4792_JFR.jpg,outdoor-day,canon 10D,new york,martin
CRW_4794_JFR.jpg,outdoor-day,canon 10D,new york,martin
CRW_4795_JFR.jpg,outdoor-day,canon 10D,new york,martin
CRW_4797_JFR.jpg,outdoor-day,canon 10D,new york,martin
CRW_4798_JFR.jpg,outdoor-day,canon 10D,new york,martin
CRW_4799_JFR.jpg,outdoor-day,canon 10D,new york,martin
CRW_4800_JFR.jpg,outdoor-day,canon 10D,new york,martin
CRW_4801_JFR.jpg,outdoor-day,canon 10D,new york,martin
CRW_4803_JFR.jpg,outdoor-day,canon 10D,new york,martin
CRW_4805_JFR.jpg,outdoor-day,canon 10D,new york,martin
CRW_4807_JFR.jpg,outdoor-day,canon 10D,new york,martin
CRW_4808_JFR.jpg,outdoor-day,canon 10D,new york,martin
CRW_4809_JFR.jpg,outdoor-day,canon 10D,new york,martin
CRW_4810_JFR.jpg,outdoor-day,canon 10D,new york,martin
CRW_4813_JFR.jpg,outdoor-day,canon 10D,new york,martin
CRW_4814_JFR.jpg,outdoor-day,canon 10D,new york,martin
CRW_4815_JFR.jpg,outdoor-day,canon 10D,new york,martin
CRW_4817_JFR.jpg,outdoor-day,canon 10D,new york,martin
CRW_4818_JFR.jpg,outdoor-day,canon 10D,new york,martin
CRW_4820_JFR.jpg,outdoor-day,canon 10D,new york,martin
CRW_4821_JFR.jpg,outdoor-day,canon 10D,new york,martin
CRW_4822_JFR.jpg,outdoor-day,canon 10D,new york,martin
CRW_4823_JFR.jpg,outdoor-day,canon 10D,new york,martin
CRW_4825_JFR.jpg,outdoor-day,canon 10D,new york,martin
CRW_4827_JFR.jpg,outdoor-day,canon 10D,new york,martin
CRW_4829_JFR.jpg,outdoor-day,canon 10D,new york,martin
CRW_4830_JFR.jpg,outdoor-day,canon 10D,new york,martin
CRW_4831_JFR.jpg,outdoor-day,canon 10D,new york,martin
CRW_4833_JFR.jpg,outdoor-day,canon 10D,new york,martin
CRW_4834_JFR.jpg,outdoor-day,canon 10D,new york,martin
CRW_4835_JFR.jpg,outdoor-day,canon 10D,new york,martin
CRW_4836_JFR.jpg,outdoor-day,canon 10D,new york,martin
CRW_4838_JFR.jpg,outdoor-day,canon 10D,new york,martin
CRW_4839_JFR.jpg,outdoor-day,canon 10D,new york,martin
CRW_4840_JFR.jpg,outdoor-day,canon 10D,new york,martin
CRW_4841_JFR.jpg,outdoor-day,canon 10D,new york,martin
CRW_4842_JFR.jpg,outdoor-day,canon 10D,new york,martin
CRW_4848_JFR.jpg,indoor-light,canon 10D,new york,martin
CRW_4852_JFR.jpg,indoor-light,canon 10D,new york,martin
CRW_4853_JFR.jpg,indoor-light,canon 10D,new york,martin
CRW_4855_JFR.jpg,indoor-light,canon 10D,new york,martin
CRW_4860_JFR.jpg,indoor-light,canon 10D,new york,martin
CRW_4869_JFR.jpg,indoor-light,canon 10D,new york,martin
CRW_4873_JFR.jpg,artificial,canon 10D,new york,martin
CRW_4880_JFR.jpg,indoor-light,canon 10D,new york,martin
CRW_4882_JFR.jpg,indoor-dark,canon 10D,new york,martin
CRW_4883_JFR.jpg,indoor-light,canon 10D,new york,martin
CRW_4885_JFR.jpg,indoor-light,canon 10D,new york,martin
CRW_4886_JFR.jpg,indoor-dark,canon 10D,new york,martin
CRW_4887_JFR.jpg,indoor-light,canon 10D,new york,martin
CRW_4890_JFR.jpg,indoor-light,canon 10D,new york,martin
CRW_4891_JFR.jpg,indoor-light,canon 10D,new york,martin
CRW_4892_JFR.jpg,indoor-dark,canon 10D,new york,martin
CRW_4893_JFR.jpg,indoor-dark,canon 10D,new york,martin
CRW_4894_JFR.jpg,indoor-light,canon 10D,new york,martin
CRW_4895_JFR.jpg,indoor-light,canon 10D,new york,martin
CRW_4896_JFR.jpg,indoor-dark,canon 10D,new york,martin
CRW_4897_JFR.jpg,indoor-dark,canon 10D,new york,martin
CRW_4899_JFR.jpg,indoor-light,canon 10D,new york,martin
CRW_4901_JFR.jpg,indoor-light,canon 10D,new york,martin
CRW_4902_JFR.jpg,indoor-light,canon 10D,new york,martin
CRW_4904_JFR.jpg,indoor-dark,canon 10D,new york,martin
CRW_4906_JFR.jpg,indoor-light,canon 10D,new york,martin
CRW_4910_JFR.jpg,indoor-light,canon 10D,new york,martin
CRW_4912_JFR.jpg,indoor-light,canon 10D,new york,martin
CRW_4913_JFR.jpg,indoor-light,canon 10D,new york,martin
CRW_4914_JFR.jpg,indoor-light,canon 10D,new york,martin
CRW_4915_JFR.jpg,indoor-light,canon 10D,new york,martin
CRW_4919_JFR.jpg,indoor-light,canon 10D,new york,martin
CRW_4920_JFR.jpg,indoor-light,canon 10D,new york,martin
CRW_4922_JFR.jpg,indoor-light,canon 10D,new york,martin
CRW_4923_JFR.jpg,indoor-light,canon 10D,new york,martin
CRW_4924_JFR.jpg,indoor-light,canon 10D,new york,martin
CRW_4925_JFR.jpg,indoor-light,canon 10D,new york,martin
CRW_4926_JFR.jpg,indoor-light,canon 10D,new york,martin
CRW_4927_JFR.jpg,indoor-light,canon 10D,new york,martin
CRW_4928_JFR.jpg,indoor-dark,canon 10D,new york,martin
CRW_4930_JFR.jpg,indoor-light,canon 10D,new york,martin
CRW_4931_JFR.jpg,indoor-dark,canon 10D,new york,martin
CRW_4938_JFR.jpg,indoor-dark,canon 10D,new york,martin
CRW_4939_JFR.jpg,indoor-dark,canon 10D,new york,martin
CRW_4940_JFR.jpg,indoor-dark,canon 10D,new york,martin
CRW_4942_JFR.jpg,indoor-dark,canon 10D,new york,martin
CRW_4947_JFR.jpg,indoor-dark,canon 10D,new york,martin
CRW_4949_JFR.jpg,indoor-dark,canon 10D,new york,martin
CRW_4953_JFR.jpg,indoor-dark,canon 10D,new york,martin
CRW_4956_JFR.jpg,outdoor-rain-snow,canon 10D,new york,martin
CRW_4957_JFR.jpg,natural,canon 10D,new york,martin
CRW_4959_JFR.jpg,natural,canon 10D,new york,martin
CRW_4960_JFR.jpg,outdoor-rain-snow,canon 10D,new york,martin
CRW_4961_JFR.jpg,outdoor-rain-snow,canon 10D,new york,martin
CRW_4963_JFR.jpg,natural,canon 10D,new york,martin
CRW_4968_JFR.jpg,outdoor-rain-snow,canon 10D,new york,martin
CRW_4969_JFR.jpg,outdoor-rain-snow,canon 10D,new york,martin
CRW_4970_JFR.jpg,natural,canon 10D,new york,martin
CRW_4971_JFR.jpg,natural,canon 10D,new york,martin
CRW_4973_JFR.jpg,natural,canon 10D,new york,martin
CRW_4976_JFR.jpg,outdoor-day,canon 10D,new york,martin
CRW_4977_JFR.jpg,outdoor-rain-snow,canon 10D,new york,martin
CRW_4978_JFR.jpg,natural,canon 10D,new york,martin
CRW_4979_JFR.jpg,outdoor-day,canon 10D,new york,martin
CRW_4980_JFR.jpg,outdoor-rain-snow,canon 10D,new york,martin
CRW_4981_JFR.jpg,natural,canon 10D,new york,martin
CRW_4982_JFR.jpg,outdoor-rain-snow,canon 10D,new york,martin
CRW_4983_JFR.jpg,natural,canon 10D,new york,martin
CRW_4984_JFR.jpg,outdoor-rain-snow,canon 10D,new york,martin
CRW_4988_JFR.jpg,outdoor-rain-snow,canon 10D,new york,martin
CRW_4989_JFR.jpg,outdoor-rain-snow,canon 10D,new york,martin
CRW_4993_JFR.jpg,outdoor-rain-snow,canon 10D,new york,martin
CRW_4994_JFR.jpg,natural,canon 10D,new york,martin
CRW_4995_JFR.jpg,natural,canon 10D,new york,martin
CRW_4996_JFR.jpg,natural,canon 10D,new york,martin
CRW_4997_JFR.jpg,natural,canon 10D,new york,martin
CRW_4999_JFR.jpg,natural,canon 10D,new york,martin
CRW_5002_JFR.jpg,outdoor-rain-snow,canon 10D,new york,martin
CRW_5003_JFR.jpg,natural,canon 10D,new york,martin
CRW_5004_JFR.jpg,natural,canon 10D,new york,martin
CRW_5006_JFR.jpg,natural,canon 10D,new york,martin
CRW_5007_JFR.jpg,outdoor-rain-snow,canon 10D,new york,martin
CRW_5009_JFR.jpg,outdoor-rain-snow,canon 10D,new york,martin
CRW_5010_JFR.jpg,outdoor-rain-snow,canon 10D,new york,martin
CRW_5015_JFR.jpg,natural,canon 10D,new york,martin
CRW_5020_JFR.jpg,natural,canon 10D,new york,martin
CRW_5021_JFR.jpg,outdoor-rain-snow,canon 10D,new york,martin
CRW_5024_JFR.jpg,natural,canon 10D,new york,martin
CRW_5025_JFR.jpg,outdoor-rain-snow,canon 10D,new york,martin
CRW_5026_JFR.jpg,outdoor-rain-snow,canon 10D,new york,martin
CRW_5027_JFR.jpg,outdoor-rain-snow,canon 10D,new york,martin
CRW_5028_JFR.jpg,outdoor-rain-snow,canon 10D,new york,martin
CRW_5031_JFR.jpg,natural,canon 10D,new york,martin
CRW_5032_JFR.jpg,outdoor-rain-snow,canon 10D,new york,martin
CRW_5033_JFR.jpg,outdoor-rain-snow,canon 10D,new york,martin
CRW_5035_JFR.jpg,outdoor-rain-snow,canon 10D,new york,martin
CRW_5036_JFR.jpg,outdoor-rain-snow,canon 10D,new york,martin
CRW_5037_JFR.jpg,natural,canon 10D,new york,martin
CRW_5038_JFR.jpg,outdoor-rain-snow,canon 10D,new york,martin
CRW_5039_JFR.jpg,outdoor-rain-snow,canon 10D,new york,martin
CRW_5040_JFR.jpg,outdoor-rain-snow,canon 10D,new york,martin
CRW_5041_JFR.jpg,outdoor-rain-snow,canon 10D,new york,martin
CRW_5042_JFR.jpg,outdoor-rain-snow,canon 10D,new york,martin
CRW_5043_JFR.jpg,outdoor-rain-snow,canon 10D,new york,martin
CRW_5044_JFR.jpg,outdoor-rain-snow,canon 10D,new york,martin
CRW_5045_JFR.jpg,outdoor-rain-snow,canon 10D,new york,martin
CRW_5052_JFR.jpg,indoor-dark,canon 10D,new york,martin
CRW_5053_JFR.jpg,indoor-dark,canon 10D,new york,martin
CRW_5054_JFR.jpg,indoor-dark,canon 10D,new york,martin
CRW_5055_JFR.jpg,indoor-dark,canon 10D,new york,martin
CRW_5061_JFR.jpg,artificial,canon 10D,new york,martin
CRW_5070_JFR.jpg,artificial,canon 10D,new york,martin
CRW_5073_JFR.jpg,artificial,canon 10D,new york,martin
CRW_5080_JFR.jpg,artificial,canon 10D,new york,martin
CRW_5083_JFR.jpg,artificial,canon 10D,new york,martin
CRW_5085_JFR.jpg,outdoor-day,canon 10D,new york,martin
CRW_5087_JFR.jpg,artificial,canon 10D,new york,martin
CRW_5088_JFR.jpg,artificial,canon 10D,new york,martin
CRW_5089_JFR.jpg,outdoor-day,canon 10D,new york,martin
CRW_5090_JFR.jpg,artificial,canon 10D,new york,martin
CRW_5093_JFR.jpg,artificial,canon 10D,new york,martin
CRW_5094_JFR.jpg,indoor-dark,canon 10D,new york,martin
CRW_5095_JFR.jpg,indoor-dark,canon 10D,new york,martin
CRW_5111_JFR.jpg,indoor-dark,canon 10D,new york,martin
CRW_5113_JFR.jpg,indoor-dark,canon 10D,new york,martin
CRW_5116_JFR.jpg,indoor-dark,canon 10D,new york,martin
CRW_5117_JFR.jpg,artificial,canon 10D,new york,martin
CRW_5119_JFR.jpg,artificial,canon 10D,new york,martin
CRW_5121_JFR.jpg,artificial,canon 10D,new york,martin
CRW_5122_JFR.jpg,artificial,canon 10D,new york,martin
CRW_5124_JFR.jpg,artificial,canon 10D,new york,martin
CRW_5125_JFR.jpg,artificial,canon 10D,new york,martin
CRW_5126_JFR.jpg,artificial,canon 10D,new york,martin
CRW_5127_JFR.jpg,artificial,canon 10D,new york,martin
CRW_5128_JFR.jpg,artificial,canon 10D,new york,martin
CRW_5135_JFR.jpg,outdoor-dawn-dusk,canon 10D,new york,tian-tsong
CRW_5138_JFR.jpg,outdoor-dawn-dusk,canon 10D,new york,tian-tsong
CRW_5139_JFR.jpg,outdoor-dawn-dusk,canon 10D,new york,tian-tsong
CRW_5142_JFR.jpg,artificial,canon 10D,new york,tian-tsong
CRW_5143_JFR.jpg,outdoor-dawn-dusk,canon 10D,new york,tian-tsong
CRW_5144_JFR.jpg,outdoor-dawn-dusk,canon 10D,new york,tian-tsong
CRW_5145_JFR.jpg,natural,canon 10D,new york,tian-tsong
CRW_5146_JFR.jpg,outdoor-dawn-dusk,canon 10D,new york,tian-tsong
CRW_5147_JFR.jpg,outdoor-dawn-dusk,canon 10D,new york,tian-tsong
CRW_5149_JFR.jpg,outdoor-dawn-dusk,canon 10D,new york,tian-tsong
CRW_5151_JFR.jpg,outdoor-dawn-dusk,canon 10D,new york,tian-tsong
CRW_5152_JFR.jpg,outdoor-dawn-dusk,canon 10D,new york,tian-tsong
CRW_5154_JFR.jpg,outdoor-dawn-dusk,canon 10D,new york,tian-tsong
CRW_5155_JFR.jpg,outdoor-dawn-dusk,canon 10D,new york,tian-tsong
CRW_5161_JFR.jpg,outdoor-dawn-dusk,canon 10D,new york,tian-tsong
CRW_5162_JFR.jpg,outdoor-dawn-dusk,canon 10D,new york,tian-tsong
CRW_5163_JFR.jpg,outdoor-dawn-dusk,canon 10D,new york,tian-tsong
CRW_5165_JFR.jpg,outdoor-dawn-dusk,canon 10D,new york,tian-tsong
CRW_5169_JFR.jpg,outdoor-dawn-dusk,canon 10D,new york,tian-tsong
CRW_5170_JFR.jpg,outdoor-dawn-dusk,canon 10D,new york,tian-tsong
CRW_5172_JFR.jpg,outdoor-dawn-dusk,canon 10D,new york,tian-tsong
CRW_5175_JFR.jpg,outdoor-night,canon 10D,new york,tian-tsong
CRW_5177_JFR.jpg,outdoor-dawn-dusk,canon 10D,new york,tian-tsong
CRW_5178_JFR.jpg,outdoor-night,canon 10D,new york,tian-tsong
CRW_5179_JFR.jpg,outdoor-night,canon 10D,new york,tian-tsong
CRW_5180_JFR.jpg,outdoor-night,canon 10D,new york,tian-tsong
CRW_5181_JFR.jpg,outdoor-night,canon 10D,new york,tian-tsong
CRW_5183_JFR.jpg,outdoor-night,canon 10D,new york,tian-tsong
CRW_5184_JFR.jpg,outdoor-night,canon 10D,new york,tian-tsong
CRW_5191_JFR.jpg,artificial,canon 10D,new york,tian-tsong
CRW_5192_JFR.jpg,artificial,canon 10D,new york,tian-tsong
CRW_5195_JFR.jpg,artificial,canon 10D,new york,tian-tsong
CRW_5202_JFR.jpg,outdoor-night,canon 10D,new york,tian-tsong
CRW_5209_JFR.jpg,outdoor-night,canon 10D,new york,tian-tsong
CRW_5210_JFR.jpg,outdoor-night,canon 10D,new york,tian-tsong
CRW_5213_JFR.jpg,artificial,canon 10D,new york,tian-tsong
CRW_5217_JFR.jpg,outdoor-night,canon 10D,new york,tian-tsong
CRW_5218_JFR.jpg,outdoor-night,canon 10D,new york,tian-tsong
CRW_5219_JFR.jpg,outdoor-night,canon 10D,new york,tian-tsong
CRW_5222_JFR.jpg,outdoor-night,canon 10D,new york,tian-tsong
CRW_5224_JFR.jpg,outdoor-night,canon 10D,new york,tian-tsong
CRW_5225_JFR.jpg,outdoor-night,canon 10D,new york,tian-tsong
CRW_5226_JFR.jpg,outdoor-night,canon 10D,new york,tian-tsong
CRW_5227_JFR.jpg,outdoor-night,canon 10D,new york,tian-tsong
CRW_5228_JFR.jpg,outdoor-night,canon 10D,new york,tian-tsong
CRW_5229_JFR.jpg,outdoor-night,canon 10D,new york,tian-tsong
CRW_5230_JFR.jpg,outdoor-night,canon 10D,new york,tian-tsong
CRW_5231_JFR.jpg,outdoor-night,canon 10D,new york,tian-tsong
CRW_5232_JFR.jpg,outdoor-night,canon 10D,new york,tian-tsong
CRW_5239_JFR.jpg,outdoor-day,canon 10D,new york,tian-tsong
CRW_5241_JFR.jpg,outdoor-day,canon 10D,new york,tian-tsong
CRW_5242_JFR.jpg,outdoor-day,canon 10D,new york,tian-tsong
CRW_5243_JFR.jpg,natural,canon 10D,new york,tian-tsong
CRW_5247_JFR.jpg,natural,canon 10D,new york,tian-tsong
CRW_5253_JFR.jpg,artificial,canon 10D,new york,tian-tsong
CRW_5273_JFR.jpg,artificial,canon 10D,new york,tian-tsong
CRW_5274_JFR.jpg,artificial,canon 10D,new york,tian-tsong
CRW_5275_JFR.jpg,artificial,canon 10D,new york,tian-tsong
CRW_5276_JFR.jpg,artificial,canon 10D,new york,tian-tsong
CRW_5277_JFR.jpg,indoor-dark,canon 10D,new york,tian-tsong
CRW_5280_JFR.jpg,artificial,canon 10D,new york,tian-tsong
CRW_5284_JFR.jpg,indoor-dark,canon 10D,new york,tian-tsong
CRW_5289_JFR.jpg,natural,canon 10D,new york,tian-tsong
CRW_5290_JFR.jpg,natural,canon 10D,new york,tian-tsong
CRW_5291_JFR.jpg,natural,canon 10D,new york,tian-tsong
CRW_5292_JFR.jpg,natural,canon 10D,new york,tian-tsong
CRW_5294_JFR.jpg,natural,canon 10D,new york,tian-tsong
CRW_5295_JFR.jpg,natural,canon 10D,new york,tian-tsong
CRW_5296_JFR.jpg,outdoor-day,canon 10D,new york,tian-tsong
CRW_5300_JFR.jpg,outdoor-day,canon 10D,new york,tian-tsong
CRW_5301_JFR.jpg,outdoor-day,canon 10D,new york,tian-tsong
CRW_5304_JFR.jpg,outdoor-day,canon 10D,new york,tian-tsong
CRW_5305_JFR.jpg,artificial,canon 10D,new york,tian-tsong
CRW_5306_JFR.jpg,outdoor-day,canon 10D,new york,tian-tsong
CRW_5307_JFR.jpg,natural,canon 10D,new york,tian-tsong
CRW_5308_JFR.jpg,natural,canon 10D,new york,tian-tsong
CRW_5309_JFR.jpg,natural,canon 10D,new york,tian-tsong
CRW_5313_JFR.jpg,natural,canon 10D,new york,tian-tsong
CRW_5314_JFR.jpg,outdoor-day,canon 10D,new york,tian-tsong
CRW_5318_JFR.jpg,outdoor-day,canon 10D,new york,tian-tsong
CRW_5319_JFR.jpg,natural,canon 10D,new york,tian-tsong
CRW_5321_JFR.jpg,outdoor-day,canon 10D,new york,tian-tsong
CRW_5328_JFR.jpg,outdoor-day,canon 10D,new york,tian-tsong
CRW_5332_JFR.jpg,outdoor-day,canon 10D,new york,tian-tsong
CRW_5333_JFR.jpg,outdoor-day,canon 10D,new york,tian-tsong
CRW_5337_JFR.jpg,natural,canon 10D,new york,tian-tsong
CRW_5342_JFR.jpg,outdoor-day,canon 10D,new york,tian-tsong
CRW_5344_JFR.jpg,natural,canon 10D,new york,tian-tsong
CRW_5346_JFR.jpg,natural,canon 10D,new york,tian-tsong
CRW_5347_JFR.jpg,natural,canon 10D,new york,tian-tsong
CRW_5353_JFR.jpg,indoor-dark,canon 10D,new york,tian-tsong
CRW_5372_JFR.jpg,natural,canon 10D,new york,tian-tsong
CRW_5383_JFR.jpg,natural,canon 10D,new york,tian-tsong
CRW_5387_JFR.jpg,natural,canon 10D,new york,tian-tsong
CRW_5388_JFR.jpg,natural,canon 10D,new york,tian-tsong
CRW_5389_JFR.jpg,artificial,canon 10D,new york,tian-tsong
CRW_5390_JFR.jpg,natural,canon 10D,new york,tian-tsong
CRW_5391_JFR.jpg,natural,canon 10D,new york,tian-tsong
CRW_5393_JFR.jpg,natural,canon 10D,new york,tian-tsong
CRW_5394_JFR.jpg,natural,canon 10D,new york,tian-tsong
CRW_5395_JFR.jpg,natural,canon 10D,new york,tian-tsong
CRW_5399_JFR.jpg,natural,canon 10D,new york,tian-tsong
CRW_5400_JFR.jpg,natural,canon 10D,new york,tian-tsong
CRW_5401_JFR.jpg,natural,canon 10D,new york,tian-tsong
CRW_5402_JFR.jpg,natural,canon 10D,new york,tian-tsong
CRW_5403_JFR.jpg,natural,canon 10D,new york,tian-tsong
CRW_5404_JFR.jpg,natural,canon 10D,new york,tian-tsong
CRW_5407_JFR.jpg,outdoor-day,canon 10D,new york,tian-tsong
CRW_5409_JFR.jpg,outdoor-day,canon 10D,new york,tian-tsong
CRW_5410_JFR.jpg,natural,canon 10D,new york,tian-tsong
CRW_5412_JFR.jpg,outdoor-day,canon 10D,new york,tian-tsong
CRW_5415_JFR.jpg,indoor-dark,canon 10D,new york,tian-tsong
CRW_5416_JFR.jpg,artificial,canon 10D,new york,tian-tsong
CRW_5420_JFR.jpg,outdoor-day,canon 10D,new york,tian-tsong
CRW_5421_JFR.jpg,outdoor-day,canon 10D,new york,tian-tsong
CRW_5427_JFR.jpg,artificial,canon 10D,new york,tian-tsong
CRW_5429_JFR.jpg,natural,canon 10D,new york,tian-tsong
CRW_5430_JFR.jpg,artificial,canon 10D,new york,tian-tsong
CRW_5431_JFR.jpg,outdoor-day,canon 10D,new york,tian-tsong
CRW_5434_JFR.jpg,outdoor-day,canon 10D,new york,tian-tsong
CRW_5439_JFR.jpg,natural,canon 10D,new york,tian-tsong
CRW_5441_JFR.jpg,natural,canon 10D,new york,tian-tsong
CRW_5442_JFR.jpg,artificial,canon 10D,new york,tian-tsong
CRW_5457_JFR.jpg,outdoor-day,canon 10D,new york,tian-tsong
CRW_5462_JFR.jpg,outdoor-dawn-dusk,canon 10D,new york,tian-tsong
CRW_5468_JFR.jpg,outdoor-dawn-dusk,canon 10D,new york,tian-tsong
CRW_5469_JFR.jpg,outdoor-dawn-dusk,canon 10D,new york,tian-tsong
CRW_5471_JFR.jpg,outdoor-dawn-dusk,canon 10D,new york,tian-tsong
CRW_5472_JFR.jpg,outdoor-dawn-dusk,canon 10D,new york,tian-tsong
CRW_5473_JFR.jpg,artificial,canon 10D,new york,tian-tsong
CRW_5477_JFR.jpg,artificial,canon 10D,new york,tian-tsong
CRW_5478_JFR.jpg,artificial,canon 10D,new york,tian-tsong
CRW_5481_JFR.jpg,outdoor-dawn-dusk,canon 10D,new york,tian-tsong
CRW_5493_JFR.jpg,outdoor-dawn-dusk,canon 10D,new york,tian-tsong
CRW_5499_JFR.jpg,outdoor-dawn-dusk,canon 10D,new york,tian-tsong
CRW_5500_JFR.jpg,outdoor-dawn-dusk,canon 10D,new york,tian-tsong
CRW_5503_JFR.jpg,outdoor-night,canon 10D,new york,tian-tsong
CRW_5504_JFR.jpg,outdoor-night,canon 10D,new york,tian-tsong
CRW_5505_JFR.jpg,outdoor-night,canon 10D,new york,tian-tsong
CRW_5506_JFR.jpg,indoor-light,canon 10D,new york,tian-tsong
CRW_5507_JFR.jpg,indoor-light,canon 10D,new york,tian-tsong
CRW_5510_JFR.jpg,outdoor-rain-snow,canon 10D,new york,tian-tsong
CRW_5513_JFR.jpg,outdoor-rain-snow,canon 10D,new york,tian-tsong
CRW_5517_JFR.jpg,natural,canon 10D,new york,tian-tsong
CRW_5518_JFR.jpg,natural,canon 10D,new york,tian-tsong
CRW_5522_JFR.jpg,outdoor-rain-snow,canon 10D,new york,tian-tsong
CRW_5523_JFR.jpg,outdoor-rain-snow,canon 10D,new york,tian-tsong
CRW_5524_JFR.jpg,outdoor-rain-snow,canon 10D,new york,tian-tsong
CRW_5527_JFR.jpg,outdoor-rain-snow,canon 10D,new york,tian-tsong
CRW_5528_JFR.jpg,outdoor-rain-snow,canon 10D,new york,tian-tsong
CRW_5529_JFR.jpg,outdoor-rain-snow,canon 10D,new york,tian-tsong
CRW_5531_JFR.jpg,outdoor-rain-snow,canon 10D,new york,tian-tsong
CRW_5532_JFR.jpg,outdoor-rain-snow,canon 10D,new york,tian-tsong
CRW_5533_JFR.jpg,outdoor-rain-snow,canon 10D,new york,tian-tsong
CRW_5534_JFR.jpg,outdoor-rain-snow,canon 10D,new york,tian-tsong
CRW_5535_JFR.jpg,outdoor-rain-snow,canon 10D,new york,tian-tsong
CRW_5536_JFR.jpg,outdoor-rain-snow,canon 10D,new york,tian-tsong
CRW_5544_JFR.jpg,outdoor-rain-snow,canon 10D,new york,tian-tsong
CRW_5545_JFR.jpg,outdoor-rain-snow,canon 10D,new york,tian-tsong
CRW_5546_JFR.jpg,outdoor-rain-snow,canon 10D,new york,tian-tsong
CRW_5551_JFR.jpg,outdoor-rain-snow,canon 10D,new york,tian-tsong
CRW_5552_JFR.jpg,outdoor-rain-snow,canon 10D,new york,tian-tsong
CRW_5553_JFR.jpg,outdoor-rain-snow,canon 10D,new york,tian-tsong
CRW_5554_JFR.jpg,outdoor-rain-snow,canon 10D,new york,tian-tsong
CRW_5561_JFR.jpg,outdoor-rain-snow,canon 10D,new york,tian-tsong
CRW_5562_JFR.jpg,outdoor-rain-snow,canon 10D,new york,tian-tsong
CRW_5563_JFR.jpg,outdoor-rain-snow,canon 10D,new york,tian-tsong
CRW_5567_JFR.jpg,indoor-light,canon 10D,new york,tian-tsong
CRW_5572_JFR.jpg,outdoor-day,canon 10D,new york,tian-tsong
CRW_5574_JFR.jpg,outdoor-rain-snow,canon 10D,new york,tian-tsong
CRW_5575_JFR.jpg,outdoor-rain-snow,canon 10D,new york,tian-tsong
CRW_5583_JFR.jpg,outdoor-rain-snow,canon 10D,new york,tian-tsong
CRW_5586_JFR.jpg,outdoor-rain-snow,canon 10D,new york,tian-tsong
CRW_5589_JFR.jpg,artificial,canon 10D,new york,tian-tsong
CRW_5590_JFR.jpg,artificial,canon 10D,new york,tian-tsong
CRW_5591_JFR.jpg,artificial,canon 10D,new york,tian-tsong
CRW_5592_JFR.jpg,artificial,canon 10D,new york,tian-tsong
CRW_5595_JFR.jpg,artificial,canon 10D,new york,tian-tsong
CRW_5596_JFR.jpg,artificial,canon 10D,new york,tian-tsong
CRW_5597_JFR.jpg,artificial,canon 10D,new york,tian-tsong
CRW_5599_JFR.jpg,outdoor-day,canon 10D,new york,tian-tsong
CRW_5609_JFR.jpg,artificial,canon 10D,new york,tian-tsong
CRW_5613_JFR.jpg,artificial,canon 10D,new york,tian-tsong
CRW_5614_JFR.jpg,artificial,canon 10D,new york,tian-tsong
CRW_5617_JFR.jpg,outdoor-rain-snow,canon 10D,new york,tian-tsong
CRW_5621_JFR.jpg,outdoor-rain-snow,canon 10D,new york,tian-tsong
CRW_5624_JFR.jpg,outdoor-day,canon 10D,new york,tian-tsong
CRW_5628_JFR.jpg,indoor-dark,canon 10D,new york,tian-tsong
CRW_5631_JFR.jpg,indoor-dark,canon 10D,new york,tian-tsong
CRW_5642_JFR.jpg,indoor-dark,canon 10D,new york,tian-tsong
CRW_5644_JFR.jpg,artificial,canon 10D,new york,tian-tsong
CRW_5648_JFR.jpg,artificial,canon 10D,new york,tian-tsong
CRW_5657_JFR.jpg,artificial,canon 10D,new york,tian-tsong
CRW_5670_JFR.jpg,artificial,canon 10D,new york,tian-tsong
CRW_5677_JFR.jpg,natural,canon 10D,new york,tian-tsong
CRW_5693_JFR.jpg,outdoor-day,canon 10D,new york,tian-tsong
CRW_5694_JFR.jpg,outdoor-day,canon 10D,new york,tian-tsong
CRW_5704_JFR.jpg,outdoor-day,canon 10D,new york,tian-tsong
CRW_5707_JFR.jpg,indoor-dark,canon 10D,new york,tian-tsong
CRW_5708_JFR.jpg,indoor-light,canon 10D,new york,tian-tsong
CRW_5709_JFR.jpg,indoor-light,canon 10D,new york,tian-tsong
CRW_5713_JFR.jpg,indoor-dark,canon 10D,new york,tian-tsong
CRW_5714_JFR.jpg,indoor-dark,canon 10D,new york,tian-tsong
CRW_5716_JFR.jpg,indoor-dark,canon 10D,new york,tian-tsong
CRW_5717_JFR.jpg,indoor-light,canon 10D,new york,tian-tsong
CRW_5718_JFR.jpg,indoor-light,canon 10D,new york,tian-tsong
CRW_5720_JFR.jpg,indoor-light,canon 10D,new york,tian-tsong
CRW_5724_JFR.jpg,indoor-dark,canon 10D,new york,tian-tsong
CRW_5725_JFR.jpg,indoor-dark,canon 10D,new york,tian-tsong
CRW_5726_JFR.jpg,artificial,canon 10D,new york,tian-tsong
CRW_5728_JFR.jpg,artificial,canon 10D,new york,tian-tsong
CRW_5729_JFR.jpg,artificial,canon 10D,new york,tian-tsong
CRW_5732_JFR.jpg,artificial,canon 10D,new york,tian-tsong
CRW_5733_JFR.jpg,artificial,canon 10D,new york,tian-tsong
CRW_5738_JFR.jpg,artificial,canon 10D,new york,tian-tsong
CRW_5739_JFR.jpg,artificial,canon 10D,new york,tian-tsong
CRW_5740_JFR.jpg,artificial,canon 10D,new york,tian-tsong
CRW_5741_JFR.jpg,artificial,canon 10D,new york,tian-tsong
CRW_5742_JFR.jpg,artificial,canon 10D,new york,tian-tsong
CRW_5747_JFR.jpg,artificial,canon 10D,new york,tian-tsong
CRW_5748_JFR.jpg,artificial,canon 10D,new york,tian-tsong
CRW_5754_JFR.jpg,artificial,canon 10D,new york,tian-tsong
CRW_5755_JFR.jpg,artificial,canon 10D,new york,tian-tsong
CRW_5759_JFR.jpg,indoor-light,canon 10D,new york,tian-tsong
CRW_5760_JFR.jpg,indoor-light,canon 10D,new york,tian-tsong
CRW_5762_JFR.jpg,artificial,canon 10D,new york,tian-tsong
CRW_5763_JFR.jpg,artificial,canon 10D,new york,tian-tsong
CRW_5764_JFR.jpg,artificial,canon 10D,new york,tian-tsong
CRW_5765_JFR.jpg,artificial,canon 10D,new york,tian-tsong
CRW_5767_JFR.jpg,artificial,canon 10D,new york,tian-tsong
CRW_5768_JFR.jpg,artificial,canon 10D,new york,tian-tsong
CRW_5769_JFR.jpg,artificial,canon 10D,new york,tian-tsong
CRW_5770_JFR.jpg,artificial,canon 10D,new york,tian-tsong
CRW_5774_JFR.jpg,artificial,canon 10D,new york,tian-tsong
CRW_5780_JFR.jpg,artificial,canon 10D,new york,tian-tsong
CRW_5781_JFR.jpg,artificial,canon 10D,new york,tian-tsong
CRW_5782_JFR.jpg,artificial,canon 10D,new york,tian-tsong
CRW_5787_JFR.jpg,indoor-dark,canon 10D,new york,tian-tsong
CRW_5795_JFR.jpg,indoor-dark,canon 10D,new york,tian-tsong
CRW_5796_JFR.jpg,artificial,canon 10D,new york,tian-tsong
CRW_5799_JFR.jpg,indoor-dark,canon 10D,new york,tian-tsong
CRW_5801_JFR.jpg,artificial,canon 10D,new york,tian-tsong
CRW_5805_JFR.jpg,artificial,canon 10D,new york,tian-tsong
CRW_5809_JFR.jpg,artificial,canon 10D,new york,tian-tsong
CRW_5813_JFR.jpg,artificial,canon 10D,new york,tian-tsong
CRW_5815_JFR.jpg,indoor-dark,canon 10D,new york,tian-tsong
CRW_5817_JFR.jpg,artificial,canon 10D,new york,tian-tsong
CRW_5818_JFR.jpg,indoor-dark,canon 10D,new york,tian-tsong
CRW_5819_JFR.jpg,artificial,canon 10D,new york,tian-tsong
CRW_5824_JFR.jpg,artificial,canon 10D,new york,tian-tsong
CRW_5825_JFR.jpg,indoor-dark,canon 10D,new york,tian-tsong
CRW_5833_JFR.jpg,indoor-dark,canon 10D,new york,tian-tsong
CRW_5836_JFR.jpg,outdoor-day,canon 10D,new york,tian-tsong
CRW_5837_JFR.jpg,outdoor-day,canon 10D,new york,tian-tsong
CRW_5840_JFR.jpg,natural,canon 10D,new york,tian-tsong
CRW_5842_JFR.jpg,outdoor-day,canon 10D,new york,tian-tsong
CRW_5843_JFR.jpg,outdoor-day,canon 10D,new york,tian-tsong
CRW_5844_JFR.jpg,outdoor-day,canon 10D,new york,tian-tsong
DSC_0531.jpg,outdoor-day,nikon D70,new york,jessie
DSC_0532.jpg,outdoor-day,nikon D70,new york,jessie
DSC_0535.jpg,outdoor-day,nikon D70,new york,jessie
DSC_0538.jpg,outdoor-day,nikon D70,new york,jessie
DSC_0539.jpg,outdoor-day,nikon D70,new york,jessie
DSC_0540.jpg,outdoor-day,nikon D70,new york,jessie
DSC_0544.jpg,outdoor-day,nikon D70,new york,jessie
DSC_0548.jpg,outdoor-day,nikon D70,new york,jessie
DSC_0550.jpg,natural,nikon D70,new york,jessie
DSC_0551.jpg,artificial,nikon D70,new york,jessie
DSC_0552.jpg,natural,nikon D70,new york,jessie
DSC_0553.jpg,natural,nikon D70,new york,jessie
DSC_0554.jpg,natural,nikon D70,new york,jessie
DSC_0555.jpg,outdoor-day,nikon D70,new york,jessie
DSC_0557.jpg,outdoor-day,nikon D70,new york,jessie
DSC_0558.jpg,natural,nikon D70,new york,jessie
DSC_0559.jpg,natural,nikon D70,new york,jessie
DSC_0561.jpg,natural,nikon D70,new york,jessie
DSC_0562.jpg,outdoor-day,nikon D70,new york,jessie
DSC_0571.jpg,artificial,nikon D70,new york,jessie
DSC_0572.jpg,artificial,nikon D70,new york,jessie
DSC_0576.jpg,artificial,nikon D70,new york,jessie
DSC_0579.jpg,artificial,nikon D70,new york,jessie
DSC_0582.jpg,artificial,nikon D70,new york,jessie
DSC_0584.jpg,artificial,nikon D70,new york,jessie
DSC_0590.jpg,artificial,nikon D70,new york,jessie
DSC_0591.jpg,artificial,nikon D70,new york,jessie
DSC_0597.jpg,artificial,nikon D70,new york,jessie
DSC_0598.jpg,artificial,nikon D70,new york,jessie
DSC_0602.jpg,artificial,nikon D70,new york,jessie
DSC_0603.jpg,artificial,nikon D70,new york,jessie
DSC_0611.jpg,artificial,nikon D70,new york,jessie
DSC_0612.jpg,artificial,nikon D70,new york,jessie
DSC_0619.jpg,artificial,nikon D70,new york,jessie
DSC_0626.jpg,artificial,nikon D70,new york,jessie
DSC_0632.jpg,artificial,nikon D70,new york,jessie
DSC_0641.jpg,artificial,nikon D70,new york,jessie
DSC_0642.jpg,artificial,nikon D70,new york,jessie
DSC_0648.jpg,artificial,nikon D70,new york,jessie
DSC_0649.jpg,artificial,nikon D70,new york,jessie
DSC_0650.jpg,artificial,nikon D70,new york,jessie
DSC_0653.jpg,artificial,nikon D70,new york,jessie
DSC_0657.jpg,artificial,nikon D70,new york,jessie
DSC_0658.jpg,artificial,nikon D70,new york,jessie
DSC_0659.jpg,artificial,nikon D70,new york,jessie
DSC_0660.jpg,artificial,nikon D70,new york,jessie
DSC_0661.jpg,artificial,nikon D70,new york,jessie
DSC_0662.jpg,artificial,nikon D70,new york,jessie
DSC_0667.jpg,artificial,nikon D70,new york,jessie
DSC_0669.jpg,artificial,nikon D70,new york,jessie
DSC_0672.jpg,indoor-dark,nikon D70,new york,jessie
DSC_0675.jpg,indoor-dark,nikon D70,new york,jessie
DSC_0681.jpg,indoor-light,nikon D70,new york,jessie
DSC_0685.jpg,indoor-light,nikon D70,new york,jessie
DSC_0687.jpg,indoor-light,nikon D70,new york,jessie
DSC_0689.jpg,indoor-dark,nikon D70,new york,jessie
DSC_0695.jpg,indoor-light,nikon D70,new york,jessie
DSC_0696.jpg,indoor-light,nikon D70,new york,jessie
DSC_0698.jpg,indoor-dark,nikon D70,new york,jessie
DSC_0710.jpg,indoor-light,nikon D70,new york,jessie
DSC_0714.jpg,indoor-light,nikon D70,new york,jessie
DSC_0718.jpg,indoor-light,nikon D70,new york,jessie
DSC_0728.jpg,outdoor-night,nikon D70,new york,jessie
DSC_0732.jpg,outdoor-night,nikon D70,new york,jessie
DSC_0750.jpg,outdoor-night,nikon D70,new york,jessie
DSC_0752.jpg,outdoor-night,nikon D70,new york,jessie
DSC_0754.jpg,outdoor-night,nikon D70,new york,jessie
DSC_0758.jpg,outdoor-night,nikon D70,new york,jessie
DSC_0762.jpg,outdoor-night,nikon D70,new york,jessie
DSC_0764.jpg,outdoor-night,nikon D70,new york,jessie
DSC_0768.jpg,natural,nikon D70,new york,jessie
DSC_0770.jpg,outdoor-day,nikon D70,new york,jessie
DSC_0771.jpg,outdoor-day,nikon D70,new york,jessie
DSC_0772.jpg,outdoor-day,nikon D70,new york,jessie
DSC_0773.jpg,outdoor-day,nikon D70,new york,jessie
DSC_0775.jpg,outdoor-day,nikon D70,new york,jessie
DSC_0776.jpg,outdoor-day,nikon D70,new york,jessie
DSC_0777.jpg,outdoor-day,nikon D70,new york,jessie
DSC_0779.jpg,indoor-light,nikon D70,new york,jessie
DSC_0780.jpg,indoor-light,nikon D70,new york,jessie
DSC_0781.jpg,indoor-light,nikon D70,new york,jessie
DSC_0782.jpg,indoor-dark,nikon D70,new york,jessie
DSC_0783.jpg,indoor-light,nikon D70,new york,jessie
DSC_0787.jpg,indoor-light,nikon D70,new york,jessie
DSC_0790.jpg,indoor-dark,nikon D70,new york,jessie
DSC_0791.jpg,indoor-light,nikon D70,new york,jessie
DSC_0794.jpg,indoor-light,nikon D70,new york,jessie
DSC_0795.jpg,indoor-light,nikon D70,new york,jessie
DSC_0796.jpg,indoor-light,nikon D70,new york,jessie
DSC_0797.jpg,indoor-dark,nikon D70,new york,jessie
DSC_0798.jpg,indoor-dark,nikon D70,new york,jessie
DSC_0800.jpg,indoor-dark,nikon D70,new york,jessie
DSC_0802.jpg,indoor-dark,nikon D70,new york,jessie
DSC_0808.jpg,indoor-light,nikon D70,new york,jessie
DSC_0812.jpg,indoor-light,nikon D70,new york,jessie
DSC_0816.jpg,indoor-light,nikon D70,new york,jessie
DSC_0817.jpg,indoor-light,nikon D70,new york,jessie
DSC_0819.jpg,indoor-dark,nikon D70,new york,jessie
DSC_0821.jpg,indoor-light,nikon D70,new york,jessie
DSC_0824.jpg,artificial,nikon D70,new york,jessie
DSC_0825.jpg,indoor-dark,nikon D70,new york,jessie
DSC_0827.jpg,indoor-dark,nikon D70,new york,jessie
DSC_1295.jpg,outdoor-day,nikon D70,boston,tian-tsong
DSC_1298.jpg,outdoor-day,nikon D70,boston,tian-tsong
DSC_1299.jpg,outdoor-day,nikon D70,boston,tian-tsong
DSC_1300.jpg,outdoor-day,nikon D70,boston,tian-tsong
DSC_1301.jpg,outdoor-day,nikon D70,boston,tian-tsong
DSC_1303.jpg,outdoor-day,nikon D70,boston,tian-tsong
DSC_1304.jpg,natural,nikon D70,boston,tian-tsong
DSC_1306.jpg,outdoor-day,nikon D70,boston,tian-tsong
DSC_1307.jpg,outdoor-day,nikon D70,boston,tian-tsong
DSC_1308.jpg,outdoor-day,nikon D70,boston,tian-tsong
DSC_1309.jpg,outdoor-day,nikon D70,boston,tian-tsong
DSC_1310.jpg,outdoor-day,nikon D70,boston,tian-tsong
DSC_1311.jpg,outdoor-day,nikon D70,boston,tian-tsong
DSC_1312.jpg,outdoor-day,nikon D70,boston,tian-tsong
DSC_1313.jpg,outdoor-day,nikon D70,boston,tian-tsong
DSC_1314.jpg,outdoor-day,nikon D70,boston,tian-tsong
DSC_1315.jpg,outdoor-day,nikon D70,boston,tian-tsong
DSC_1316.jpg,outdoor-day,nikon D70,boston,tian-tsong
DSC_1318.jpg,outdoor-day,nikon D70,boston,tian-tsong
DSC_1320.jpg,indoor-dark,nikon D70,boston,tian-tsong
DSC_1322.jpg,indoor-dark,nikon D70,boston,tian-tsong
DSC_1323.jpg,outdoor-day,nikon D70,boston,tian-tsong
DSC_1325.jpg,outdoor-day,nikon D70,boston,tian-tsong
DSC_1326.jpg,outdoor-day,nikon D70,boston,tian-tsong
DSC_1327.jpg,artificial,nikon D70,boston,tian-tsong
DSC_1328.jpg,indoor-dark,nikon D70,boston,tian-tsong
DSC_1329.jpg,artificial,nikon D70,boston,tian-tsong
DSC_1332.jpg,outdoor-day,nikon D70,boston,tian-tsong
DSC_1336.jpg,outdoor-day,nikon D70,boston,tian-tsong
DSC_1338.jpg,outdoor-day,nikon D70,boston,tian-tsong
DSC_1340.jpg,outdoor-day,nikon D70,boston,tian-tsong
DSC_1345.jpg,outdoor-day,nikon D70,boston,tian-tsong
DSC_1347.jpg,outdoor-day,nikon D70,boston,tian-tsong
DSC_1348.jpg,outdoor-day,nikon D70,boston,tian-tsong
DSC_1352.jpg,outdoor-day,nikon D70,boston,tian-tsong
DSC_1355.jpg,outdoor-day,nikon D70,boston,tian-tsong
DSC_1357.jpg,outdoor-day,nikon D70,boston,tian-tsong
DSC_1358.jpg,outdoor-day,nikon D70,boston,tian-tsong
DSC_1359.jpg,outdoor-day,nikon D70,boston,tian-tsong
DSC_1363.jpg,outdoor-day,nikon D70,boston,tian-tsong
DSC_1364.jpg,outdoor-day,nikon D70,boston,tian-tsong
DSC_1365.jpg,outdoor-day,nikon D70,boston,tian-tsong
DSC_1366.jpg,natural,nikon D70,boston,tian-tsong
DSC_1368.jpg,natural,nikon D70,boston,tian-tsong
DSC_1369.jpg,outdoor-day,nikon D70,boston,tian-tsong
DSC_1370.jpg,outdoor-day,nikon D70,boston,tian-tsong
DSC_1372.jpg,natural,nikon D70,boston,tian-tsong
DSC_1373.jpg,outdoor-day,nikon D70,boston,tian-tsong
DSC_1374.jpg,outdoor-day,nikon D70,boston,tian-tsong
DSC_1376.jpg,outdoor-day,nikon D70,boston,tian-tsong
DSC_1380.jpg,outdoor-day,nikon D70,boston,tian-tsong
DSC_1381.jpg,natural,nikon D70,boston,tian-tsong
DSC_1384.jpg,outdoor-day,nikon D70,boston,tian-tsong
DSC_1386.jpg,outdoor-day,nikon D70,boston,tian-tsong
DSC_1387.jpg,outdoor-day,nikon D70,boston,tian-tsong
DSC_1388.jpg,outdoor-day,nikon D70,boston,tian-tsong
DSC_1390.jpg,outdoor-day,nikon D70,boston,tian-tsong
DSC_1391.jpg,outdoor-day,nikon D70,boston,tian-tsong
DSC_1398.jpg,outdoor-day,nikon D70,boston,tian-tsong
DSC_1399.jpg,outdoor-day,nikon D70,boston,tian-tsong
DSC_1401.jpg,outdoor-day,nikon D70,boston,tian-tsong
DSC_1402.jpg,outdoor-day,nikon D70,boston,tian-tsong
DSC_1403.jpg,outdoor-day,nikon D70,boston,tian-tsong
DSC_1405.jpg,outdoor-day,nikon D70,boston,tian-tsong
DSC_1406.jpg,outdoor-day,nikon D70,boston,tian-tsong
DSC_1407.jpg,outdoor-day,nikon D70,boston,tian-tsong
DSC_1408.jpg,outdoor-day,nikon D70,boston,tian-tsong
DSC_1410.jpg,outdoor-day,nikon D70,boston,tian-tsong
DSC_1411.jpg,natural,nikon D70,boston,tian-tsong
DSC_1412.jpg,outdoor-day,nikon D70,boston,tian-tsong
DSC_1413.jpg,outdoor-day,nikon D70,boston,tian-tsong
DSC_1414.jpg,outdoor-day,nikon D70,boston,tian-tsong
DSC_1415.jpg,outdoor-day,nikon D70,boston,tian-tsong
DSC_1416.jpg,outdoor-day,nikon D70,boston,tian-tsong
DSC_1418.jpg,outdoor-day,nikon D70,boston,tian-tsong
DSC_1419.jpg,outdoor-day,nikon D70,boston,tian-tsong
DSC_1421.jpg,outdoor-day,nikon D70,boston,tian-tsong
DSC_1422.jpg,outdoor-day,nikon D70,boston,tian-tsong
DSC_1424.jpg,artificial,nikon D70,boston,tian-tsong
DSC_1425.jpg,outdoor-day,nikon D70,boston,tian-tsong
DSC_1426.jpg,outdoor-day,nikon D70,boston,tian-tsong
DSC_1430.jpg,outdoor-day,nikon D70,boston,tian-tsong
DSC_1431.jpg,outdoor-day,nikon D70,boston,tian-tsong
DSC_1432.jpg,artificial,nikon D70,boston,tian-tsong
DSC_1433.jpg,outdoor-day,nikon D70,boston,tian-tsong
DSC_1435.jpg,artificial,nikon D70,boston,tian-tsong
DSC_1436.jpg,artificial,nikon D70,boston,tian-tsong
DSC_1437.jpg,outdoor-day,nikon D70,boston,tian-tsong
DSC_1438.jpg,outdoor-day,nikon D70,boston,tian-tsong
DSC_1439.jpg,artificial,nikon D70,boston,tian-tsong
DSC_1440.jpg,outdoor-day,nikon D70,boston,tian-tsong
DSC_1441.jpg,outdoor-day,nikon D70,boston,tian-tsong
DSC_1442.jpg,outdoor-day,nikon D70,boston,tian-tsong
DSC_1452.jpg,outdoor-day,nikon D70,boston,tian-tsong
DSC_1454.jpg,outdoor-day,nikon D70,boston,tian-tsong
DSC_1456.jpg,outdoor-day,nikon D70,boston,tian-tsong
DSC_1457.jpg,artificial,nikon D70,boston,tian-tsong
DSC_1458.jpg,outdoor-day,nikon D70,boston,tian-tsong
DSC_1459.jpg,artificial,nikon D70,boston,tian-tsong
DSC_1460.jpg,outdoor-day,nikon D70,boston,tian-tsong
DSC_1461.jpg,outdoor-day,nikon D70,boston,tian-tsong
DSC_1463.jpg,outdoor-day,nikon D70,boston,tian-tsong
DSC_1465.jpg,outdoor-day,nikon D70,boston,tian-tsong
DSC_1466.jpg,outdoor-day,nikon D70,boston,tian-tsong
DSC_1468.jpg,outdoor-day,nikon D70,boston,tian-tsong
DSC_1469.jpg,outdoor-day,nikon D70,boston,tian-tsong
DSC_1471.jpg,natural,nikon D70,boston,tian-tsong
DSC_1475.jpg,outdoor-day,nikon D70,boston,tian-tsong
DSC_1477.jpg,outdoor-day,nikon D70,boston,tian-tsong
DSC_1478.jpg,outdoor-day,nikon D70,boston,tian-tsong
DSC_1479.jpg,outdoor-day,nikon D70,boston,tian-tsong
DSC_1480.jpg,outdoor-day,nikon D70,boston,tian-tsong
DSC_1482.jpg,outdoor-day,nikon D70,boston,tian-tsong
DSC_1485.jpg,outdoor-day,nikon D70,boston,tian-tsong
DSC_1486.jpg,outdoor-day,nikon D70,boston,tian-tsong
DSC_1489.jpg,outdoor-day,nikon D70,boston,tian-tsong
DSC_1490.jpg,outdoor-day,nikon D70,boston,tian-tsong
DSC_1492.jpg,outdoor-day,nikon D70,boston,tian-tsong
DSC_1495.jpg,outdoor-day,nikon D70,boston,tian-tsong
DSC_1507.jpg,natural,nikon D70,boston,tian-tsong
DSC_1508.jpg,outdoor-day,nikon D70,boston,tian-tsong
DSC_1511.jpg,outdoor-day,nikon D70,boston,tian-tsong
DSC_1514.jpg,natural,nikon D70,boston,tian-tsong
DSC_1516.jpg,outdoor-day,nikon D70,boston,tian-tsong
DSC_1517.jpg,outdoor-day,nikon D70,boston,tian-tsong
DSC_1518.jpg,outdoor-day,nikon D70,boston,tian-tsong
DSC_1519.jpg,outdoor-day,nikon D70,boston,tian-tsong
DSC_1520.jpg,natural,nikon D70,boston,tian-tsong
DSC_1521.jpg,outdoor-day,nikon D70,boston,tian-tsong
DSC_1522.jpg,outdoor-day,nikon D70,boston,tian-tsong
DSC_1523.jpg,outdoor-day,nikon D70,boston,tian-tsong
DSC_1525.jpg,outdoor-day,nikon D70,boston,tian-tsong
DSC_1526.jpg,outdoor-day,nikon D70,boston,tian-tsong
DSC_1534.jpg,outdoor-day,nikon D70,boston,tian-tsong
DSC_1535.jpg,outdoor-day,nikon D70,boston,tian-tsong
DSC_1538.jpg,outdoor-day,nikon D70,boston,tian-tsong
DSC_1539.jpg,outdoor-day,nikon D70,boston,tian-tsong
DSC_1540.jpg,outdoor-day,nikon D70,boston,tian-tsong
DSC_1542.jpg,outdoor-day,nikon D70,boston,tian-tsong
DSC_1545.jpg,indoor-dark,nikon D70,boston,tian-tsong
DSC_1546.jpg,outdoor-day,nikon D70,boston,tian-tsong
DSC_1549.jpg,outdoor-dawn-dusk,nikon D70,boston,tian-tsong
DSC_1550.jpg,outdoor-dawn-dusk,nikon D70,boston,tian-tsong
DSC_1554.jpg,indoor-light,nikon D70,boston,tian-tsong
DSC_1557.jpg,outdoor-day,nikon D70,boston,tian-tsong
DSC_1561.jpg,indoor-dark,nikon D70,boston,tian-tsong
DSC_1567.jpg,indoor-light,nikon D70,boston,tian-tsong
DSC_1568.jpg,indoor-light,nikon D70,boston,tian-tsong
DSC_1570.jpg,indoor-light,nikon D70,boston,tian-tsong
DSC_1571.jpg,natural,nikon D70,boston,tian-tsong
DSC_1572.jpg,natural,nikon D70,boston,tian-tsong
DSC_1573.jpg,natural,nikon D70,boston,tian-tsong
DSC_1575.jpg,outdoor-day,nikon D70,boston,tian-tsong
DSC_1576.jpg,natural,nikon D70,boston,tian-tsong
DSC_1580.jpg,artificial,nikon D70,boston,tian-tsong
DSC_1581.jpg,artificial,nikon D70,boston,tian-tsong
DSC_1583.jpg,natural,nikon D70,boston,tian-tsong
DSC_1585.jpg,outdoor-day,nikon D70,boston,tian-tsong
DSC_1586.jpg,indoor-dark,nikon D70,boston,tian-tsong
DSC_1587.jpg,outdoor-day,nikon D70,boston,tian-tsong
DSC_1588.jpg,artificial,nikon D70,boston,tian-tsong
DSC_1589.jpg,indoor-dark,nikon D70,boston,tian-tsong
DSC_1592.jpg,outdoor-day,nikon D70,boston,tian-tsong
DSC_1595.jpg,artificial,nikon D70,boston,tian-tsong
DSC_1597.jpg,outdoor-day,nikon D70,boston,tian-tsong
DSC_1599.jpg,outdoor-day,nikon D70,boston,tian-tsong
DSC_1601.jpg,outdoor-day,nikon D70,boston,tian-tsong
DSC_1603.jpg,outdoor-day,nikon D70,boston,tian-tsong
DSC_1607.jpg,outdoor-day,nikon D70,boston,tian-tsong
DSC_1608.jpg,outdoor-day,nikon D70,boston,tian-tsong
DSC_1610.jpg,outdoor-day,nikon D70,boston,tian-tsong
DSC_1612.jpg,outdoor-day,nikon D70,boston,tian-tsong
DSC_1613.jpg,outdoor-day,nikon D70,boston,tian-tsong
DSC_1616.jpg,outdoor-day,nikon D70,boston,tian-tsong
DSC_1624.jpg,outdoor-day,nikon D70,boston,tian-tsong
DSC_1627.jpg,outdoor-day,nikon D70,boston,tian-tsong
DSC_1628.jpg,outdoor-day,nikon D70,boston,tian-tsong
DSC_1639.jpg,outdoor-day,nikon D70,boston,tian-tsong
DSC_1640.jpg,outdoor-day,nikon D70,boston,tian-tsong
DSC_1641.jpg,outdoor-day,nikon D70,boston,tian-tsong
DSC_1644.jpg,outdoor-day,nikon D70,boston,tian-tsong
DSC_1645.jpg,outdoor-day,nikon D70,boston,tian-tsong
DSC_1653.jpg,outdoor-day,nikon D70,boston,tian-tsong
DSC_1654.jpg,outdoor-day,nikon D70,boston,tian-tsong
DSC_1657.jpg,outdoor-day,nikon D70,boston,tian-tsong
DSC_1658.jpg,outdoor-day,nikon D70,boston,tian-tsong
DSC_1662.jpg,indoor-dark,nikon D70,boston,tian-tsong
DSC_1663.jpg,indoor-light,nikon D70,boston,tian-tsong
DSC_1664.jpg,indoor-light,nikon D70,boston,tian-tsong
DSC_1665.jpg,artificial,nikon D70,boston,tian-tsong
DSC_1668.jpg,artificial,nikon D70,boston,tian-tsong
DSC_1670.jpg,outdoor-day,nikon D70,boston,tian-tsong
DSC_1671.jpg,outdoor-day,nikon D70,boston,tian-tsong
DSC_1673.jpg,outdoor-day,nikon D70,boston,tian-tsong
DSC_1675.jpg,outdoor-day,nikon D70,boston,tian-tsong
DSC_1677.jpg,outdoor-day,nikon D70,boston,tian-tsong
DSC_1679.jpg,artificial,nikon D70,boston,tian-tsong
DSC_1683.jpg,outdoor-day,nikon D70,boston,tian-tsong
DSC_1685.jpg,outdoor-day,nikon D70,boston,tian-tsong
DSC_1687.jpg,natural,nikon D70,boston,tian-tsong
DSC_1688.jpg,outdoor-day,nikon D70,boston,tian-tsong
DSC_1689.jpg,outdoor-day,nikon D70,boston,tian-tsong
DSC_1690.jpg,outdoor-day,nikon D70,boston,tian-tsong
DSC_1692.jpg,natural,nikon D70,boston,tian-tsong
DSC_1694.jpg,natural,nikon D70,boston,tian-tsong
DSC_1695.jpg,outdoor-day,nikon D70,boston,tian-tsong
DSC_1696.jpg,outdoor-day,nikon D70,boston,tian-tsong
DSC_1698.jpg,outdoor-day,nikon D70,boston,tian-tsong
DSC_1700.jpg,natural,nikon D70,boston,tian-tsong
DSC_1701.jpg,outdoor-day,nikon D70,boston,tian-tsong
DSC_1702.jpg,outdoor-day,nikon D70,boston,tian-tsong
DSC_1704.jpg,outdoor-day,nikon D70,boston,tian-tsong
DSC_1705.jpg,outdoor-day,nikon D70,boston,tian-tsong
DSC_1707.jpg,outdoor-day,nikon D70,boston,tian-tsong
DSC_1708.jpg,outdoor-day,nikon D70,boston,tian-tsong
DSC_1709.jpg,artificial,nikon D70,boston,tian-tsong
DSC_1710.jpg,outdoor-day,nikon D70,boston,tian-tsong
DSC_1711.jpg,artificial,nikon D70,boston,tian-tsong
DSC_1713.jpg,outdoor-day,nikon D70,boston,tian-tsong
DSC_1716.jpg,outdoor-day,nikon D70,boston,tian-tsong
DSC_1719.jpg,outdoor-day,nikon D70,boston,tian-tsong
DSC_1720.jpg,natural,nikon D70,boston,tian-tsong
DSC_1725.jpg,outdoor-day,nikon D70,boston,tian-tsong
DSC_1728.jpg,outdoor-day,nikon D70,boston,tian-tsong
DSC_1729.jpg,outdoor-day,nikon D70,boston,tian-tsong
DSC_1732.jpg,outdoor-day,nikon D70,boston,tian-tsong
DSC_1733.jpg,outdoor-day,nikon D70,boston,tian-tsong
DSC_1734.jpg,outdoor-day,nikon D70,boston,tian-tsong
DSC_1735.jpg,outdoor-day,nikon D70,boston,tian-tsong
DSC_1736.jpg,indoor-dark,nikon D70,boston,tian-tsong
DSC_1737.jpg,artificial,nikon D70,boston,tian-tsong
DSC_1738.jpg,indoor-dark,nikon D70,boston,tian-tsong
DSC_1739.jpg,outdoor-day,nikon D70,boston,tian-tsong
DSC_1742.jpg,outdoor-day,nikon D70,boston,tian-tsong
DSC_1743.jpg,artificial,nikon D70,boston,tian-tsong
DSC_1744.jpg,outdoor-day,nikon D70,boston,tian-tsong
DSC_1745.jpg,natural,nikon D70,boston,tian-tsong
DSC_1754.jpg,natural,nikon D70,boston,tian-tsong
DSC_1758.jpg,natural,nikon D70,boston,tian-tsong
DSC_1759.jpg,natural,nikon D70,boston,tian-tsong
DSC_1760.jpg,natural,nikon D70,boston,tian-tsong
DSC_1763.jpg,natural,nikon D70,boston,tian-tsong
DSC_1764.jpg,natural,nikon D70,boston,tian-tsong
DSC_1765.jpg,natural,nikon D70,boston,tian-tsong
DSC_1766.jpg,artificial,nikon D70,boston,tian-tsong
DSC_1767.jpg,natural,nikon D70,boston,tian-tsong
DSC_1768.jpg,natural,nikon D70,boston,tian-tsong
DSC_1769.jpg,natural,nikon D70,boston,tian-tsong
DSC_1770.jpg,natural,nikon D70,boston,tian-tsong
DSC_1775.jpg,natural,nikon D70,boston,tian-tsong
DSC_1777.jpg,natural,nikon D70,boston,tian-tsong
DSC_1779.jpg,natural,nikon D70,boston,tian-tsong
DSC_1780.jpg,natural,nikon D70,boston,tian-tsong
DSC_1781.jpg,natural,nikon D70,boston,tian-tsong
DSC_1783.jpg,natural,nikon D70,boston,tian-tsong
DSC_1785.jpg,natural,nikon D70,boston,tian-tsong
DSC_1790.jpg,natural,nikon D70,boston,tian-tsong
DSC_1792.jpg,indoor-light,nikon D70,boston,tian-tsong
DSC_1796.jpg,indoor-light,nikon D70,boston,tian-tsong
DSC_1797.jpg,indoor-light,nikon D70,boston,tian-tsong
DSC_1798.jpg,indoor-light,nikon D70,boston,tian-tsong
DSC_1807.jpg,artificial,nikon D70,boston,tian-tsong
